1,google.com
2,microsoft.com
3,www.google.com
4,data.microsoft.com
5,events.data.microsoft.com
6,office.com
7,live.com
8,microsoftonline.com
9,login.microsoftonline.com
10,windowsupdate.com
11,ctldl.windowsupdate.com
12,clientservices.googleapis.com
13,safebrowsing.googleapis.com
14,digicert.com
15,amazonaws.com
16,accounts.google.com
17,googleusercontent.com
18,ecs.office.com
19,office.net
20,settings-win.data.microsoft.com
21,apple.com
22,update.googleapis.com
23,play.google.com
24,doubleclick.net
25,bing.com
26,skype.com
27,officeapps.live.com
28,mp.microsoft.com
29,g.doubleclick.net
30,mobile.events.data.microsoft.com
31,edge.skype.com
32,config.edge.skype.com
33,windows.net
34,www.googleapis.com
35,office365.com
36,msn.com
37,clients6.google.com
38,teams.microsoft.com
39,google-analytics.com
40,e2ro.com
41,fonts.googleapis.com
42,ocsp.digicert.com
43,node.e2ro.com
44,outlook.office365.com
45,lh3.googleusercontent.com
46,edge.microsoft.com
47,clients4.google.com
48,optimizationguide-pa.googleapis.com
49,googletagmanager.com
50,www.googletagmanager.com
51,googleads.g.doubleclick.net
52,facebook.com
53,www.google-analytics.com
54,www.bing.com
55,mtalk.google.com
56,dsp.mp.microsoft.com
57,core.windows.net
58,do.dsp.mp.microsoft.com
59,prod.do.dsp.mp.microsoft.com
60,graph.microsoft.com
61,youtube.com
62,outlook.office.com
63,icloud.com
64,sharepoint.com
65,com.akadns.net
66,login.live.com
67,content-autofill.googleapis.com
68,config.teams.microsoft.com
69,cdn.office.net
70,substrate.office.com
71,cloudflare.com
72,googleadservices.com
73,www.googleadservices.com
74,ogads-pa.clients6.google.com
75,lencr.org
76,windows.com
77,ls.apple.com
78,teams.events.data.microsoft.com
79,assets.msn.com
80,aaplimg.com
81,self.events.data.microsoft.com
82,c.lencr.org
83,x1.c.lencr.org
84,apple-dns.net
85,measure.office.net
86,nel.measure.office.net
87,roaming.officeapps.live.com
88,g.aaplimg.com
89,www.youtube.com
90,pki.goog
91,clients2.google.com
92,play.googleapis.com
93,itunes.apple.com
94,manage.microsoft.com
95,smartscreen.microsoft.com
96,browser.events.data.microsoft.com
97,azure.com
98,ytimg.com
99,i.ytimg.com
100,amazon.com
101,googlesyndication.com
102,c.pki.goog
103,officeclient.microsoft.com
104,measure.office.com
105,v10.events.data.microsoft.com
106,fp.measure.office.com
107,config.office.net
108,clients.config.office.net
109,outlook.com
110,storage.live.com
111,pagead2.googlesyndication.com
112,fe2.apple-dns.net
113,time.apple.com
114,upload.fp.measure.office.com
115,push.apple.com
116,exo.nel.measure.office.net
117,api.msn.com
118,th.bing.com
119,www.facebook.com
120,delivery.mp.microsoft.com
121,us-mobile.events.data.microsoft.com
122,sentry.io
123,img-s-msn-com.akamaized.net
124,gvt2.com
125,trouter.teams.microsoft.com
126,bag.itunes.apple.com
127,time.g.aaplimg.com
128,waa-pa.clients6.google.com
129,apis.google.com
130,static.microsoft
131,delve.office.com
132,loki.delve.office.com
133,yahoo.com
134,mask.icloud.com
135,ocsp2.apple.com
136,us-v20.events.data.microsoft.com
137,docs.google.com
138,gateway.icloud.com
139,apple.com.akadns.net
140,flightproxy.teams.microsoft.com
141,clients.google.com
142,android.clients.google.com
143,netflix.com
144,gvt1.com
145,augloop.office.com
146,opendns.com
147,teams.cdn.office.net
148,statics.teams.cdn.office.net
149,gcp.gvt2.com
150,ad.doubleclick.net
151,aa-rt.sharepoint.com
152,itunes-apple.com.akadns.net
153,analytics.google.com
154,beacons.gcp.gvt2.com
155,gateway.fe2.apple-dns.net
156,us-v10c.events.data.microsoft.com
157,stats.g.doubleclick.net
158,scorecardresearch.com
159,msftconnecttest.com
160,configuration.ls.apple.com
161,ogs.google.com
162,api.flightproxy.teams.microsoft.com
163,cloud.microsoft
164,res.cdn.office.net
165,safebrowsing.google.com
166,adobe.com
167,us-west-2.amazonaws.com
168,www.msftconnecttest.com
169,update.microsoft.com
170,signaler-pa.clients6.google.com
171,tpc.googlesyndication.com
172,ls-apple.com.akadns.net
173,me.gvt1.com
174,edgedl.me.gvt1.com
175,global.aa-rt.sharepoint.com
176,gr.global.aa-rt.sharepoint.com
177,odc.officeapps.live.com
178,osi.office.net
179,logs.netflix.com
180,sb.scorecardresearch.com
181,fbcdn.net
182,protection.outlook.com
183,v20.events.data.microsoft.com
184,mail.google.com
185,gdmf.apple.com
186,ocsp2-lb.apple.com.akadns.net
187,msedge.net
188,windows.msn.com
189,ess.apple.com
190,res.office365.com
191,fe3cr.delivery.mp.microsoft.com
192,aria.microsoft.com
193,pipe.aria.microsoft.com
194,arc.msn.com
195,go.trouter.teams.microsoft.com
196,lh3.google.com
197,r4.res.office365.com
198,addons-pa.clients6.google.com
199,mos.microsoft.com
200,prod.mos.microsoft.com
201,titles.prod.mos.microsoft.com
202,facebook.net
203,c.bing.com
204,connect.facebook.net
205,graph.facebook.com
206,nleditor.osi.office.net
207,gsp-ssl.ls.apple.com
208,srtb.msn.com
209,onecdn.static.microsoft
210,public.onecdn.static.microsoft
211,cdn-apple.com
212,crl3.digicert.com
213,adnxs.com
214,cloudapp.azure.com
215,fastly.net
216,googlevideo.com
217,mask.apple-dns.net
218,wd.microsoft.com
219,asyncgw.teams.microsoft.com
220,www.msn.com
221,teams.cloud.microsoft
222,res-1.cdn.office.net
223,presence.teams.microsoft.com
224,cp.wd.microsoft.com
225,amazon-adsystem.com
226,mesu.apple.com
227,geo.prod.do.dsp.mp.microsoft.com
228,ipv4only.arpa
229,ocws.officeapps.live.com
230,demdex.net
231,iphone-ld.apple.com
232,bag-cdn.itunes-apple.com.akadns.net
233,sfx.ms
234,oneclient.sfx.ms
235,mask-h2.icloud.com
236,res.public.onecdn.static.microsoft
237,securepubads.g.doubleclick.net
238,linkedin.com
239,google-ohttp-relay-safebrowsing.fastly-edge.com
240,cdnjs.cloudflare.com
241,nr-data.net
242,beacons.gvt2.com
243,xx.fbcdn.net
244,clients3.google.com
245,v.aaplimg.com
246,static.doubleclick.net
247,adsrvr.org
248,id.google.com
249,origin-apple.com.akadns.net
250,g.live.com
251,adobe.io
252,instagram.com
253,storage.googleapis.com
254,kv601.prod.do.dsp.mp.microsoft.com
255,entrust.net
256,ggpht.com
257,ocsp.entrust.net
258,yt3.ggpht.com
259,us-prod.asyncgw.teams.microsoft.com
260,app-measurement.com
261,ingest.sentry.io
262,ntp.org
263,pool.ntp.org
264,init.ess.apple.com
265,gs-loc.apple.com
266,asm.skype.com
267,activity.windows.com
268,dl.delivery.mp.microsoft.com
269,dpm.demdex.net
270,prod.netflix.com
271,push.prod.netflix.com
272,gspe79-ssl.ls.apple.com
273,api.amazon.com
274,ftl.netflix.com
275,rubiconproject.com
276,tlu.dl.delivery.mp.microsoft.com
277,bam.nr-data.net
278,cisco.com
279,nel.cloudflare.com
280,a.nel.cloudflare.com
281,safebrowsing.apple
282,browser.pipe.aria.microsoft.com
283,jnn-pa.googleapis.com
284,nam.loki.delve.office.com
285,go.microsoft.com
286,ib.adnxs.com
287,pubmatic.com
288,prod.ftl.netflix.com
289,app-analytics-services.com
290,suite.office.com
291,webshell.suite.office.com
292,cm.g.doubleclick.net
293,wyzecam.com
294,dataservice.protection.outlook.com
295,edge-mqtt.facebook.com
296,init.push.apple.com
297,smoot.apple.com
298,dm.microsoft.com
299,fe2cr.update.microsoft.com
300,checkin.dm.microsoft.com
301,api.wyzecam.com
302,td.doubleclick.net
303,time.windows.com
304,googlezip.net
305,criteo.com
306,pendo.io
307,xpaywalletcdn-prod.azureedge.net
308,peoplestack-pa.clients6.google.com
309,jsdelivr.net
310,doh.opendns.com
311,casalemedia.com
312,whatsapp.net
313,configuration-lb.ls-apple.com.akadns.net
314,cdn.jsdelivr.net
315,config.fp.measure.office.com
316,us-api.asm.skype.com
317,launchdarkly.com
318,accounts.youtube.com
319,gateway.facebook.com
320,xp.apple.com
321,unitedstates.cp.wd.microsoft.com
322,kv501.prod.do.dsp.mp.microsoft.com
323,device-api.wyzecam.com
324,drive.google.com
325,svc.ms
326,ads.linkedin.com
327,m.google.com
328,c10r.facebook.com
329,virtualearth.net
330,rlcdn.com
331,px.ads.linkedin.com
332,mrodevicemgr.officeapps.live.com
333,dev.virtualearth.net
334,configservice.wyzecam.com
335,openx.net
336,netflix.net
337,tunnel.googlezip.net
338,partner.netflix.net
339,prod.partner.netflix.net
340,www.apple.com
341,peoplestackwebexperiments-pa.clients6.google.com
342,snapchat.com
343,s.amazon-adsystem.com
344,safesearch.googleapis.com
345,licensing.mp.microsoft.com
346,iris.microsoft.com
347,api.iris.microsoft.com
348,dsce9.akamaiedge.net
349,ade.googlesyndication.com
350,c.amazon-adsystem.com
351,googletagservices.com
352,preapp.prod.partner.netflix.net
353,www.googletagservices.com
354,bat.bing.com
355,nexusrules.officeapps.live.com
356,safeframe.googlesyndication.com
357,cookielaw.org
358,cdn.cookielaw.org
359,download.windowsupdate.com
360,elb.amazonaws.com
361,bidswitch.net
362,cloudmessaging.edge.microsoft.com
363,access-point.cloudmessaging.edge.microsoft.com
364,licdn.com
365,c.msn.com
366,firebaselogging-pa.googleapis.com
367,unitedstates.smartscreen.microsoft.com
368,3lift.com
369,adtrafficquality.google
370,autodiscover-s.outlook.com
371,web.facebook.com
372,2mdn.net
373,wns.windows.com
374,enterprise.activity.windows.com
375,play-fe.googleapis.com
376,fd.api.iris.microsoft.com
377,taboola.com
378,match.adsrvr.org
379,skydrive.wns.windows.com
380,m365cdn.nel.measure.office.net
381,engagement.office.com
382,messaging.engagement.office.com
383,s0.2mdn.net
384,msftauth.net
385,notifications-pa.googleapis.com
386,microsoftapp.net
387,doubleverify.com
388,drivefrontend-pa.googleapis.com
389,i.instagram.com
390,ep1.adtrafficquality.google
391,x.bidswitch.net
392,tapad.com
393,nist.gov
394,nelreports.net
395,dds.microsoft.com
396,kt-prod.ess.apple.com
397,spotify.com
398,nav-edge.smartscreen.microsoft.com
399,tm-4.office.com
400,umbrella.com
401,ep2.adtrafficquality.google
402,cdp.microsoft.com
403,api.cdp.microsoft.com
404,firebaseremoteconfig.googleapis.com
405,msedge.api.cdp.microsoft.com
406,monitor.azure.com
407,dsx.mp.microsoft.com
408,analytics.yahoo.com
409,contacts.google.com
410,www.microsoft.com
411,storeedgefd.dsx.mp.microsoft.com
412,gsp85-ssl.ls.apple.com
413,nrdp-ipv6.prod.ftl.netflix.com
414,a2z.com
415,smartadserver.com
416,agkn.com
417,cc-api-data.adobe.io
418,pixel.rubiconproject.com
419,oauthaccountmanager.googleapis.com
420,init-p01md.apple.com
421,edge.microsoftapp.net
422,static.edge.microsoftapp.net
423,resources.office.net
424,proxy.safebrowsing.apple
425,mask-api.icloud.com
426,youtubei.googleapis.com
427,doh.umbrella.com
428,apps.apple.com
429,msftncsi.com
430,adsafeprotected.com
431,ajax.googleapis.com
432,mzstatic.com
433,configuration.apple.com
434,passwordsleakcheck-pa.googleapis.com
435,cs.dds.microsoft.com
436,android.googleapis.com
437,appcenter.ms
438,adobedtm.com
439,people-pa.googleapis.com
440,guzzoni.apple.com
441,svc.cloud.microsoft
442,assets.adobedtm.com
443,media.net
444,l.google.com
445,maps.googleapis.com
446,edge-consumer-static.azureedge.net
447,kv801.prod.do.dsp.mp.microsoft.com
448,data.pendo.io
449,news-edge.apple.com
450,gspe35-ssl.ls.apple.com
451,pubads.g.doubleclick.net
452,csp.withgoogle.com
453,in.appcenter.ms
454,liadm.com
455,gspe19-2-ssl.ls.apple.com
456,data.msn.com
457,weatherkit.apple.com
458,pancake.apple.com
459,typekit.net
460,online.office.com
461,events.data.msn.com
462,browser.events.data.msn.com
463,media-amazon.com
464,outbrain.com
465,gum.criteo.com
466,appsflyersdk.com
467,apple.map.fastly.net
468,content.office.net
469,support.content.office.net
470,ampproject.org
471,star.c10r.facebook.com
472,graph.instagram.com
473,onetrust.com
474,captive.apple.com
475,cdn.ampproject.org
476,appsgrowthpromo-pa.clients6.google.com
477,chromereporting-pa.googleapis.com
478,eb2.3lift.com
479,m.media-amazon.com
480,browser-intake-datadoghq.com
481,fcmconnection.googleapis.com
482,pixel.tapad.com
483,clarity.ms
484,js.monitor.azure.com
485,tools.google.com
486,sharethrough.com
487,eastus.cloudapp.azure.com
488,iot.us-west-2.amazonaws.com
489,aad.cs.dds.microsoft.com
490,use.typekit.net
491,1rx.io
492,amazon.dev
493,telephony.goog
494,idsync.rlcdn.com
495,aax.amazon-adsystem.com
496,init.itunes.apple.com
497,ci3.googleusercontent.com
498,dns.msftncsi.com
499,m365.cloud.microsoft
500,cdn.pendo.io
501,dotomi.com
502,sync.1rx.io
503,inbox.google.com
504,secure.adnxs.com
505,slscr.update.microsoft.com
506,cdn.doubleverify.com
507,rcs.telephony.goog
508,twitter.com
509,everesttech.net
510,us-u.openx.net
511,b1.nel.goog
512,nel.goog
513,espresso-pa.clients6.google.com
514,public.cdn.office.net
515,ntp.msn.com
516,live.net
517,firebaseinstallations.googleapis.com
518,mesu-cdn.origin-apple.com.akadns.net
519,fpc.msedge.net
520,token.rubiconproject.com
521,imasdk.googleapis.com
522,stackadapt.com
523,lijit.com
524,id5-sync.com
525,newrelic.com
526,srv.stackadapt.com
527,ocsp2.g.aaplimg.com
528,g.whatsapp.net
529,thaka.bing.com
530,cloudflareinsights.com
531,token.safebrowsing.apple
532,common.online.office.com
533,crwdcntrl.net
534,acdc-direct.office.com
535,cdninstagram.com
536,web.core.windows.net
537,apis.apple.map.fastly.net
538,fastlane.rubiconproject.com
539,h3.apis.apple.map.fastly.net
540,safelinks.protection.outlook.com
541,creativecdn.com
542,westus.cloudapp.azure.com
543,quantserve.com
544,hbopenbid.pubmatic.com
545,gsp-ssl.ls-apple.com.akadns.net
546,tps.doubleverify.com
547,static.cloudflareinsights.com
548,htlb.casalemedia.com
549,z13.web.core.windows.net
550,ybp.yahoo.com
551,officewhatsnew.z13.web.core.windows.net
552,adservice.google.com
553,wac-ring.msedge.net
554,dual-s-ring.msedge.net
555,e673.dsce9.akamaiedge.net
556,spo-ring.msedge.net
557,teams-ring.msedge.net
558,augloop.svc.cloud.microsoft
559,geolocation.onetrust.com
560,i.liadm.com
561,cl2.apple.com
562,wise-m.public.cdn.office.net
563,adform.net
564,ms-acdc.office.com
565,aa.agkn.com
566,metrics.icloud.com
567,ups.analytics.yahoo.com
568,centralus.cloudapp.azure.com
569,devices.a2z.com
570,ssum-sec.casalemedia.com
571,bag-cdn-lb.itunes-apple.com.akadns.net
572,apple.news
573,icloud-content.com
574,c.apple.news
575,gspe79-cdn.g.aaplimg.com
576,temu.com
577,pinterest.com
578,visualstudio.com
579,time-a.nist.gov
580,crashlytics.com
581,33across.com
582,rtb.openx.net
583,he.net
584,r.manage.microsoft.com
585,msidentity.com
586,shell.cdn.office.net
587,ads.pubmatic.com
588,cc.skype.com
589,ooc-g2.tm-4.office.com
590,outlook.cloud.microsoft
591,360yield.com
592,fpinit.itunes.apple.com
593,turn.com
594,deff.nelreports.net
595,r.bing.com
596,clock.fmt.he.net
597,fmt.he.net
598,match.sharethrough.com
599,devicelistenerprod.microsoft.com
600,bidr.io
601,fls.doubleclick.net
602,prod.bidr.io
603,time-b.nist.gov
604,drivefrontend-pa.clients6.google.com
605,atm-fp-direct.office.com
606,sentinelone.net
607,com.edgesuite.net
608,scontent.xx.fbcdn.net
609,dt.adsafeprotected.com
610,wps.apple.com
611,cornell.edu
612,tiktok.com
613,cdn.whatsapp.net
614,p.typekit.net
615,clients1.google.com
616,zoom.us
617,prod-streaming-video-msn-com.akamaized.net
618,firebase-settings.crashlytics.com
619,ntp0.cornell.edu
620,tlx.3lift.com
621,copilot.cloud.microsoft
622,teams.nel.measure.office.net
623,dgw.c10r.facebook.com
624,inmobi.com
625,usercontent.microsoft
626,graph-next.fp.measure.office.com
627,www.clarity.ms
628,spo.nel.measure.office.net
629,mqtt.c10r.facebook.com
630,pr-bh.ybp.yahoo.com
631,play-lh.googleusercontent.com
632,people-pa.clients6.google.com
633,eastus2.cloudapp.azure.com
634,sync.srv.stackadapt.com
635,attachments.office.net
636,wg.spotify.com
637,substrate.svc.cloud.microsoft
638,swallow.apple.com
639,wac-ring-fallback.msedge.net
640,cl3.apple.com
641,match.prod.bidr.io
642,dual-s-ring-fallback.msedge.net
643,teams-ring-fallback.msedge.net
644,spclient.wg.spotify.com
645,chromewebstore.googleapis.com
646,spov-ring-fallback.msedge.net
647,connectivity-test.static.microsoft
648,connectivity-test.usercontent.microsoft
649,relay.teams.microsoft.com
650,omtrdc.net
651,amp-api-edge.apps.apple.com
652,xy.fbcdn.net
653,ecn-us.dev.virtualearth.net
654,rapid7.com
655,dsum-sec.casalemedia.com
656,services.visualstudio.com
657,exp-tas.com
658,default.exp-tas.com
659,connectivity-test.cloud.microsoft
660,sandbox.itunes.apple.com
661,setup.icloud.com
662,b.tlu.dl.delivery.mp.microsoft.com
663,msedge.b.tlu.dl.delivery.mp.microsoft.com
664,webex.com
665,dns.opendns.com
666,amplitude.com
667,eus.rubiconproject.com
668,contextweb.com
669,ingress.rapid7.com
670,endpoint.ingress.rapid7.com
671,dns.umbrella.com
672,yieldmo.com
673,api-noam.flightproxy.teams.microsoft.com
674,armmf.adobe.com
675,dc.services.visualstudio.com
676,indexww.com
677,gmail.com
678,ipv4probe.office.com
679,ads.yieldmo.com
680,stickyadstv.com
681,tr-ssc-mira.office.com
682,fs.microsoft.com
683,api.snapchat.com
684,ow1.res.office365.com
685,smaato.net
686,image8.pubmatic.com
687,dns-tunnel-check.googlezip.net
688,lcdn-locator.apple.com
689,cloud.netflix.com
690,prod.cloud.netflix.com
691,ads.stickyadstv.com
692,chat.google.com
693,zemanta.com
694,oauth.officeapps.live.com
695,geover.prod.do.dsp.mp.microsoft.com
696,reddit.com
697,prod-lt-playstoregatewayadapter-pa.googleapis.com
698,www.linkedin.com
699,braze.com
700,strln.net
701,sitescout.com
702,iadsdk.apple.com
703,bh.contextweb.com
704,pki.strln.net
705,cagenerator.pki.strln.net
706,prod.cagenerator.pki.strln.net
707,crl.prod.cagenerator.pki.strln.net
708,apple-relay.cloudflare.com
709,bugsnag.com
710,mso.msidentity.com
711,login.mso.msidentity.com
712,www.temu.com
713,checkappexec.microsoft.com
714,gateway.instagram.com
715,c1.adform.net
716,cloudsink.net
717,aps.amazon-adsystem.com
718,ssbsync.smartadserver.com
719,playstoregatewayadapter-pa.googleapis.com
720,b1sync.zemanta.com
721,dscg.akamaiedge.net
722,www.amazon.com
723,dscw154.akamai.net
724,ecn.dev.virtualearth.net
725,ohttp-relay1.fastly-edge.com
726,pixel-sync.sitescout.com
727,displaycatalog.mp.microsoft.com
728,fundingchoicesmessages.google.com
729,pushnp.svc.ms
730,tiktokcdn-us.com
731,rtb-csync.smartadserver.com
732,trustarc.com
733,msauth.net
734,courier-push-apple.com.akadns.net
735,fbs.smoot.apple.com
736,amcdn.msftauth.net
737,waconatm.officeapps.live.com
738,go-mpulse.net
739,waconafd.officeapps.live.com
740,contextual.media.net
741,giphy.com
742,oauth2.googleapis.com
743,aks-prod-eastus.access-point.cloudmessaging.edge.microsoft.com
744,ad.smaato.net
745,fontawesome.com
746,xz.fbcdn.net
747,opera.com
748,criteo.net
749,teads.tv
750,u.openx.net
751,acdn.adnxs.com
752,static.adsafeprotected.com
753,tiktokv.com
754,a-mo.net
755,config.aps.amazon-adsystem.com
756,js-sec.indexww.com
757,wbx2.com
758,inappcheck.itunes.apple.com
759,android.apis.google.com
760,dis.criteo.com
761,gs-loc-new.ls-apple.com.akadns.net
762,tremorhub.com
763,acrobat.adobe.com
764,id.rlcdn.com
765,simpli.fi
766,s.ad.smaato.net
767,iphone-ld.origin-apple.com.akadns.net
768,onetag-sys.com
769,tiktokcdn.com
770,trc.taboola.com
771,edge.digicert.com
772,push-apple.com.akadns.net
773,calendar.google.com
774,appsgenaiserver-pa.clients6.google.com
775,excel-telemetry.officeapps.live.com
776,ap.lijit.com
777,flashtalking.com
778,ad.360yield.com
779,geller-pa.googleapis.com
780,b1sync.outbrain.com
781,csp.microsoft.com
782,myanalytics.cdn.office.net
783,pinimg.com
784,yellowblue.io
785,agave.myanalytics.cdn.office.net
786,unagi-na.amazon.com
787,gsa.apple.com
788,pixel.adsafeprotected.com
789,meetings.googleapis.com
790,js-agent.newrelic.com
791,unpkg.com
792,minerva.devices.a2z.com
793,service.minerva.devices.a2z.com
794,prod.service.minerva.devices.a2z.com
795,analytics.tiktok.com
796,beacons2.gvt2.com
797,us-east-1.prod.service.minerva.devices.a2z.com
798,location.live.net
799,rfihub.com
800,appsforoffice.microsoft.com
801,events.launchdarkly.com
802,grammarly.com
803,cosmic.office.net
804,winatp-gw-eus.microsoft.com
805,yimg.com
806,sync-tm.everesttech.net
807,gumgum.com
808,api.smoot.apple.com
809,image6.pubmatic.com
810,ad.turn.com
811,s.yimg.com
812,aadcdn.msauth.net
813,notify.adobe.io
814,dscapi9.akamai.net
815,storequality.microsoft.com
816,storecatalogrevocation.storequality.microsoft.com
817,gspe1-ssl.ls.apple.com
818,aadcdn.msftauth.net
819,mixpanel.com
820,cdn.id5-sync.com
821,usc-collabrtc.officeapps.live.com
822,d.agkn.com
823,aws.api.snapchat.com
824,inference.location.live.net
825,bootstrapcdn.com
826,acroipm2.adobe.com
827,c.go-mpulse.net
828,clever.com
829,app.launchdarkly.com
830,dns.google
831,z-p42-chat-e2ee-ig.facebook.com
832,com.cdn.cloudflare.net
833,clients2.googleusercontent.com
834,fna.fbcdn.net
835,qualtrics.com
836,jquery.com
837,code.jquery.com
838,loopme.me
839,discover-pa.googleapis.com
840,branch.io
841,um.simpli.fi
842,csync.loopme.me
843,ipv6.msftconnecttest.com
844,ocsp.edge.digicert.com
845,guzzoni-apple-com.v.aaplimg.com
846,unrulymedia.com
847,targeting.unrulymedia.com
848,eu-mobile.events.data.microsoft.com
849,fa000000110.resources.office.net
850,postrelease.com
851,imap.gmail.com
852,com.edgekey.net
853,spot-pa.googleapis.com
854,noam.cc.skype.com
855,pippio.com
856,apps.mzstatic.com
857,ipredictive.com
858,gcp.api.snapchat.com
859,grammarly.io
860,ent-nfc-api.msn.com
861,cms.quantserve.com
862,static.xx.fbcdn.net
863,siteintercept.qualtrics.com
864,servedby.flashtalking.com
865,prebid.a-mo.net
866,p.rfihub.com
867,gsp64-ssl.ls.apple.com
868,truste.com
869,gspe19-ssl.ls.apple.com
870,adx.opera.com
871,mail-ads.google.com
872,stripe.com
873,lh6.googleusercontent.com
874,geo2.adobe.com
875,taskassist-pa.googleapis.com
876,mozilla.com
877,prebid-server.rubiconproject.com
878,services.mozilla.com
879,lh7-rt.googleusercontent.com
880,clientstream.launchdarkly.com
881,rewardsplatform.microsoft.com
882,1-courier.push.apple.com
883,entitlements.itunes.apple.com
884,prod.rewardsplatform.microsoft.com
885,peoplestack-pa.googleapis.com
886,media.licdn.com
887,tiktokv.us
888,p13n.adobe.io
889,goguardian.com
890,admin.microsoft.com
891,femetrics.grammarly.io
892,lh4.googleusercontent.com
893,history.google.com
894,apple-cloudkit.com
895,gs-loc.ls-apple.com.akadns.net
896,api.apple-cloudkit.com
897,typekit.com
898,sonobi.com
899,go.sonobi.com
900,amazontrust.com
901,sync.crwdcntrl.net
902,oneocsp.microsoft.com
903,mfadsrvr.com
904,meraki.com
905,ssp-sync.criteo.com
906,worldaz.relay.teams.microsoft.com
907,weather.microsoft.com
908,api-global.netflix.com
909,fallback.c10r.facebook.com
910,image2.pubmatic.com
911,polka.typekit.com
912,firebaselogging.googleapis.com
913,connatix.com
914,live.com.akadns.net
915,e6858.dsce9.akamaiedge.net
916,cs.media.net
917,t.adx.opera.com
918,deepintent.com
919,ssc-cms.33across.com
920,choices.trustarc.com
921,com.trafficmanager.net
922,mobile.launchdarkly.com
923,c10r.instagram.com
924,snap.licdn.com
925,tile-service.weather.microsoft.com
926,company-target.com
927,jadserve.postrelease.com
928,lh5.googleusercontent.com
929,optimizely.com
930,choices.truste.com
931,drive-thirdparty.googleusercontent.com
932,fp.msedge.net
933,star-mini.c10r.facebook.com
934,safebrowsingohttpgateway.googleapis.com
935,unity3d.com
936,sync.ipredictive.com
937,www.instagram.com
938,api.endpoint.ingress.rapid7.com
939,dscd.akamai.net
940,us-east1-aws.api.snapchat.com
941,kinesisvideo.us-west-2.amazonaws.com
942,match.deepintent.com
943,valid.apple.com
944,ssl-images-amazon.com
945,ce.lijit.com
946,rtb.mfadsrvr.com
947,aptrinsic.com
948,msftstatic.com
949,r.msftstatic.com
950,eu-1-id5-sync.com
951,sc-cdn.net
952,rtb0.doubleverify.com
953,admanmedia.com
954,mathtag.com
955,capi.connatix.com
956,gsp10-ssl.apple.com
957,hotjar.com
958,static.criteo.net
959,smp-device-content.apple.com
960,weather.com
961,chatgpt.com
962,cdn.taboola.com
963,translate.googleapis.com
964,cp601.prod.do.dsp.mp.microsoft.com
965,cs.admanmedia.com
966,accountcapabilities-pa.googleapis.com
967,sessions.bugsnag.com
968,xp.itunes-apple.com.akadns.net
969,simage2.pubmatic.com
970,app-site-association.cdn-apple.com
971,android.com
972,imrworldwide.com
973,identity.nel.measure.office.net
974,sync.go.sonobi.com
975,samsung.com
976,aws-proxy-gcp.api.snapchat.com
977,www.cisco.com
978,insight.adsrvr.org
979,gsas.apple.com
980,tenable.com
981,redditstatic.com
982,www.redditstatic.com
983,data.trafficmanager.net
984,tr.snapchat.com
985,nrdp.prod.cloud.netflix.com
986,cloudsearch.googleapis.com
987,rp.liadm.com
988,cdn.optimizely.com
989,query.ess.apple.com
990,ct.pinterest.com
991,cloud.tenable.com
992,images-na.ssl-images-amazon.com
993,app-analytics-v2.snapchat.com
994,gnar.grammarly.com
995,intentiq.com
996,lb.eu-1-id5-sync.com
997,treatment.grammarly.com
998,edge-itunes-apple.com.akadns.net
999,adobelogin.com
1000,dscb.akamaiedge.net
